{"resourceType":"ValueSet","id":"highest-level-of-education-achieved-values","text":{"status":"extensions","div":"<div xmlns=\"http://www.w3.org/1999/xhtml\"><p>This value set includes codes based on the following rules:</p><ul><li>Include these codes as defined in <a href=\"http://terminology.hl7.org/5.0.0/CodeSystem-v3-EducationLevel.html\"><code>http://terminology.hl7.org/CodeSystem/v3-EducationLevel</code></a><table class=\"none\"><tr><td style=\"white-space:nowrap\"><b>Code</b></td><td><b>Display</b></td><td><b>Definition</b></td></tr><tr><td><a href=\"http://terminology.hl7.org/5.0.0/CodeSystem-v3-EducationLevel.html#v3-EducationLevel-HS\">HS</a></td><td>High School</td><td>High School or secondary school degree complete</td></tr><tr><td><a href=\"http://terminology.hl7.org/5.0.0/CodeSystem-v3-EducationLevel.html#v3-EducationLevel-ELEM\">ELEM</a></td><td>Elementary education</td><td>Elementary School</td></tr></table></li><li>Include these codes as defined in <code>http://who.int/cg/CodeSystem/extended-content</code><table class=\"none\"><tr><td style=\"white-space:nowrap\"><b>Code</b></td><td><b>Display</b></td></tr><tr><td>NONE</td><td>No education</td></tr></table></li></ul></div>"},"url":"http://fhir.org/guides/who/core/ValueSet/highest-level-of-education-achieved-values","version":"0.2.0","name":"highest-level-of-education-achieved-values","title":"Highest level of education achieved values","status":"draft","experimental":false,"date":"2023-07-25T14:01:36+00:00","publisher":"World Health Organization (WHO)","contact":[{"telecom":[{"system":"url","value":"https://www.who.int"}]}],"description":"Codes representing possible values for the Highest level of education achieved element","immutable":true,"compose":{"include":[{"system":"http://terminology.hl7.org/CodeSystem/v3-EducationLevel","concept":[{"code":"HS","display":"High School"},{"code":"ELEM","display":"Elementary education"}]},{"system":"http://who.int/cg/CodeSystem/extended-content","concept":[{"code":"NONE","display":"No education"}]}]}}